我喜欢生命本来的样子(周国平经典散文作品集),http://product.dangdang.com/24198400.html,周国平,2017/2/1,作家出版社,?20.00
活着（2017年新版）,http://product.dangdang.com/25137790.html,余华,2012/8/1,作家出版社,?15.30
神奇校车・图画书版（全12册，新增《科学博览会》1册）,http://product.dangdang.com/25252408.html,乔安娜柯尔,2018/5/10,贵州人民出版社,?99.00
我的第一本地理启蒙书,http://product.dangdang.com/23967348.html,郑利强,2016/6/1,新世界出版社,?24.90
小熊和最好的爸爸（全7册）,http://product.dangdang.com/20039611.html,丹姆,2007/11/1,贵州人民出版社,?17.50
神奇校车・桥梁书版（全20册）,http://product.dangdang.com/23444350.html,乔安娜柯尔,2014/4/1,贵州人民出版社,?75.00
月亮与六便士（新版！未删节插图珍藏版，荣获波比小说奖诗人译本...,http://product.dangdang.com/24175371.html,毛姆,2017/1/10,浙江文艺出版社,?19.90
浮生六记 （汪涵推荐，畅销200万册。沈复给芸娘的绝美情书）【果...,http://product.dangdang.com/23751637.html,沈复,2015/8/1,天津人民出版社,?16.00
红星照耀中国（青少版）人民文学出版社,http://product.dangdang.com/25100818.html,埃德加・斯诺,2017/6/1,人民文学出版社,?20.50
你坏（大冰2018作品！预售10分钟8.6万册+，30分钟突破11.8万册，...,http://product.dangdang.com/25288851.html,大冰,2018/6/11,湖南文艺出版社,?22.30
追风筝的人（2018年新版）,http://product.dangdang.com/25238195.html,卡勒德・胡赛尼,2006/5/1,上海人民出版社,?19.70
少年读史记（套装全5册）,http://product.dangdang.com/23778791.html,张嘉骅,2015/9/1,青岛出版社,?50.00
《正面管教》修订版,http://product.dangdang.com/23990140.html,简・尼尔森,2016/7/1,北京联合出版公司,?22.40
摆渡人（如果命运是一条孤独的河流，谁会是你灵魂的摆渡人？）,http://product.dangdang.com/23694647.html,克莱儿・麦克福尔,2015/6/1,百花洲文艺出版社,?18.00
古汉语常用字字典（第5版）,http://product.dangdang.com/24008779.html,王力,2016/4/1,商务印书馆,?31.90
我们仨（新版）,http://product.dangdang.com/25284154.html,杨绛,2018/6/1,生活.读书.新知三联书店,?20.10
在教室说错了没关系,http://product.dangdang.com/24194575.html,莳田晋至,2017/2/1,青岛出版社,?18.00
云边有个小卖部,http://product.dangdang.com/25295369.html,张嘉佳,2018/7/1,湖南文艺出版社,?22.00
写给儿童的中国历史（全14册）,http://product.dangdang.com/23427436.html,陈卫平,2014/4/1,新世界出版社,?177.50
东野圭吾：解忧杂货店（王俊凯、迪丽热巴主演，这家店帮你找回内...,http://product.dangdang.com/23464478.html,东野圭吾,2014/5/1,南海出版公司,?27.30
所谓情商高，就是会说话,http://product.dangdang.com/24026269.html,佐佐木圭一,2016/9/1,北京联合出版公司,?16.00
培生幼儿英语：预备级（升级版）,http://product.dangdang.com/25171016.html,培生集团,2017/11/1,湖北少儿出版社,?59.00
那不勒斯的萤火（被誉为欧美文坛近十年来的“灯塔”巨作，跟《追...,http://product.dangdang.com/25268159.html,马西米利亚诺,2018/5/1,百花洲文艺出版社,?21.00
小王子（畅销300万册，作者基金会官方认证简体中文版）【果麦经典...,http://product.dangdang.com/23055003.html,安托万・德・圣埃克苏佩里,2013/1/1,天津人民出版社,?16.00
天才在左 疯子在右(2018全新完整版),http://product.dangdang.com/25285092.html,高铭,2018/5/1,北京联合出版有限公司,?28.80
西游记原著版（上、下册）七年级上册必读（1-9年级必读书单）,http://product.dangdang.com/104336.html,吴承恩,2005/11/1,人民文学出版社,?26.00
夏洛的网（新）,http://product.dangdang.com/23546266.html,怀特,2014/8/1,上海译文出版社,?17.20
这就是二十四节气（中国二十四节气彩绘版，文津图书奖获奖绘本，...,http://product.dangdang.com/23808035.html,高春香,2015/9/1,海豚出版社,?50.00
人性的弱点（薛之谦推荐，畅销100万册）【果麦经典】,http://product.dangdang.com/23566280.html,戴尔・卡耐基,2014/9/1,天津人民出版社,?16.00
小猪唏哩呼噜(注音版上、下),http://product.dangdang.com/23504059.html,孙幼军,2014/7/1,春风文艺出版社,?16.80
生活需要仪式感 （把温暖和感动带给你在乎的人）,http://product.dangdang.com/25209814.html,李思圆,2017/12/20,山东文艺出版社,?18.00
马尔克斯：百年孤独（50周年纪念版）,http://product.dangdang.com/25138856.html,加西亚・马尔克斯,2017/8/1,南海出版公司,?41.30
我不敢说，我怕被骂,http://product.dangdang.com/24144615.html,皮姆,2016/9/1,北京联合出版公司,?17.40
东野圭吾：白夜行（2017版，易烊千玺、韩雪推荐，东野圭吾无冕之...,http://product.dangdang.com/25119332.html,东野圭吾,2017/8/9,南海出版公司,?41.10
小学生必背古诗词75+80首,http://product.dangdang.com/23435948.html,说词解字辞书研究中心,2014/2/1,华语教学出版社,?19.30
围城,http://product.dangdang.com/22819334.html,钱钟书,1991/2/1,人民文学出版社,?23.80
不一样的卡梅拉手绘本（1-12册）,http://product.dangdang.com/23257828.html,克利斯提昂,2013/6/1,２１世纪出版社,?84.00
岛上书店（每个人的生命中，都有无比艰难的那一年，将人生变得美...,http://product.dangdang.com/23685329.html,加・泽文,2015/5/8,江苏文艺出版社,?24.10
信谊世界精选图画书・猜猜我有多爱你,http://product.dangdang.com/25218540.html,山姆・麦克布雷尼,2018/1/1,明天出版社,?25.30
魔法拼音国（套装 共7册）,http://product.dangdang.com/25081450.html,姜自霞,2017/5/1,浙江少年儿童出版社,?49.00
平凡的世界：全三册（八年级下册自主阅读推荐）,http://product.dangdang.com/25090502.html,路遥,2017/6/1,北京十月文艺出版社,?74.50
自在独行 贾平凹的独行世界,http://product.dangdang.com/23964981.html,贾平凹,2016/5/1,长江文艺出版社,?19.50
万历十五年 一本好书 腾讯视频栏目推荐,http://product.dangdang.com/23445575.html,黄仁宇,2006/6/1,生活.读书.新知三联书店,?13.00
好看的皮囊千篇一律，有趣的灵魂万里挑一（老杨的猫头鹰最新作品...,http://product.dangdang.com/25180441.html,老杨的猫头鹰,2017/11/11,现代出版社,?19.90
《地图（人文版）》手绘世界地图・儿童百科绘本,http://product.dangdang.com/23523508.html,亚历山德拉・米热林斯卡,2014/8/1,贵州人民出版社,?49.00
窗边的小豆豆(2018版),http://product.dangdang.com/25272786.html,黑柳彻子,2018/5/1,南海出版公司,?29.60
半小时漫画中国史1+中国史2+中国史3+世界史（套装共4册，作者签章...,http://product.dangdang.com/25309905.html,陈磊,2018/7/1,江苏文艺出版社,?79.80
东野圭吾：恶意（2016版，东野圭吾四大杰作之一）,http://product.dangdang.com/24041704.html,东野圭吾,2016/11/1,南海出版公司,?27.30
曹文轩纯美小说*草房子(2016版),http://product.dangdang.com/23953627.html,曹文轩,2016/4/1,江苏凤凰少年儿童出版社,?11.00
如何说孩子才会听 怎么听孩子才肯说（全新修订版）,http://product.dangdang.com/24044642.html,玛兹丽施,2016/9/1,中央编译出版社,?18.40
郑渊洁四大名传：皮皮鲁传,http://product.dangdang.com/23812471.html,郑渊洁,2015/12/1,浙江少年儿童出版社,?19.75
谈判：如何在博弈中获得更多(第四版)Everything is Negotiable,http://product.dangdang.com/25247638.html,盖温・肯尼迪,2018/4/6,民主与建设出版社,?21.10
0-3岁行为习惯教养绘本（全6册）,http://product.dangdang.com/25215215.html,让娜・阿什比,2018/1/1,长江少年儿童出版社,?50.40
论语译注（简体字本） 2017修订新版,http://product.dangdang.com/25163221.html,杨伯峻,2017/8/1,中华书局,?16.90
苏东坡传（林语堂精装2018版）（1-9年级必读书单）,http://product.dangdang.com/25211578.html,林语堂,2018/1/1,湖南文艺出版社,?26.00
你的善良必须有点锋芒,http://product.dangdang.com/24015725.html,慕颜歌,2016/9/1,古吴轩出版社,?16.40
斯凯瑞金色童书・第一辑（全4册）,http://product.dangdang.com/9284655.html,斯凯瑞,2007/5/1,贵州人民出版社,?41.60
许三观卖血记（新版）,http://product.dangdang.com/25160766.html,余华,2017/9/12,作家出版社,?17.50
朝花夕拾（新课标修订版）,http://product.dangdang.com/23643238.html,鲁迅,2015/1/1,安徽教育出版社,?12.40
上下五千年（最新版）,http://product.dangdang.com/22478862.html,林汉达,2011/7/1,少年儿童出版社,?44.00
草房子（当当网定制版）,http://product.dangdang.com/23662022.html,曹文轩,2015/3/1,天天出版社有限责任公司,?12.50
三体：全三册 刘慈欣代表作，亚洲首部“雨果奖”获奖作品！,http://product.dangdang.com/23579654.html,刘慈欣,2010/11/1,重庆出版社,?64.17
新版林格伦作品选集・美绘版 长袜子皮皮,http://product.dangdang.com/25235015.html,阿斯特丽德・林格伦,2018/3/1,中国少年儿童出版社,?11.50
我喜欢自己,http://product.dangdang.com/21086025.html,卡尔森,2011/5/1,河北教育出版社,?13.90
我爸爸+我妈妈（全2册）,http://product.dangdang.com/23483032.html,安东尼・布朗,2014/5/1,河北教育出版社,?46.50
曹文轩纯美小说*青铜葵花(2016版),http://product.dangdang.com/23949032.html,曹文轩,2016/4/1,江苏少年儿童出版社,?11.00
断舍离,http://product.dangdang.com/23271503.html,山下英子,2013/7/1,广西科学技术出版社,?16.00
是谁嗯嗯在我的头上,http://product.dangdang.com/23509394.html,维尔纳霍尔茨瓦特,2007/4/1,河北教育出版社,?17.90
目送：龙应台“人生三书”之三（彩插新版）,http://product.dangdang.com/23407125.html,龙应台,2014/1/1,广西师范大学出版社,?25.80
红楼梦原著版（上、下册）（全两册）（1-9年级必读书单）,http://product.dangdang.com/102771.html,曹雪芹,2013/1/1,人民文学出版社,?32.20
学会爱自己（教孩子免受性侵犯！学会保护自己！）（全3辑，共14册...,http://product.dangdang.com/23851466.html,珊蒂克雷文,2016/2/1,青岛出版社,?96.00
不可思议的旅程（凯迪克大奖绘本三部曲）,http://product.dangdang.com/24033539.html,艾伦・贝克尔,2016/9/1,新星出版社,?79.80
第七天（余华作品，比《活着》更绝望，比《兄弟》更荒诞）此版售...,http://product.dangdang.com/23257021.html,余华,2013/6/1,新星出版社,?17.30
瓦尔登湖(珍藏本) 朗读者朗读书目,http://product.dangdang.com/20971873.html,梭罗,2010/12/1,中国三峡出版社,?15.80
曹文轩文集典藏版（全7册）,http://product.dangdang.com/23323691.html,曹文轩,2013/9/1,天天出版社有限责任公司,?84.00
林格伦儿童文学作品集・典藏版――长袜子皮皮,http://product.dangdang.com/23190572.html,林格伦,2013/1/1,中国少年儿童出版社,?14.00
城南旧事（新课标，“华语文坛祖母”林海音怀念童年的自传体短篇...,http://product.dangdang.com/23696692.html,林海音,2015/6/1,安徽教育出版社,?17.80
诺奖少年版（全套30册）2018年中童书畅销榜TOP3！日销售ZUI高达5...,http://product.dangdang.com/25062481.html,海明威,2017/4/1,辽宁少年儿童出版社,?237.60
半小时漫画中国史3（《半小时漫画中国史》系列第3部，其实是一本...,http://product.dangdang.com/25301748.html,陈磊,2018/7/1,海南出版社,?20.00
海底两万里（新课标）,http://product.dangdang.com/25126138.html,儒勒・凡尔纳,2017/9/1,浙江工商大学出版社,?19.00
我的妈妈是精灵(百万纪念版，全新修订，入选小学生基础阅读书目）...,http://product.dangdang.com/25225661.html,陈丹燕,2018/1/29,福建少年儿童出版社,?13.80
一只特立独行的猪,http://product.dangdang.com/24516890.html,王小波,2017/4/1,北京十月文艺出版社,?20.90
牧羊少年奇幻之旅（央视《朗读者》、湖南卫视《天天向上》、黄轩...,http://product.dangdang.com/25172978.html,保罗・柯艾略,2018/1/1,北京十月文艺出版社,?24.20
余秋雨 文化苦旅（1-9年级必读书单）,http://product.dangdang.com/23415029.html,余秋雨,2014/3/1,长江文艺出版社,?21.70
三毛全集02：撒哈拉的故事（1-9年级必读书单）,http://product.dangdang.com/24242914.html,三毛,2017/4/1,北京十月文艺出版社,?24.20
小鸡球球触感玩具书：全5册,http://product.dangdang.com/24105221.html,入山智,2016/11/15,长江少年儿童出版社,?125.00
许愿地球仪（荣获7项世界童书大奖、畅销全球十八个国家的生命教育...,http://product.dangdang.com/25306645.html,克莉丝汀娜・奥森,2018/7/1,百花洲文艺出版社,?14.00
走遍中国 图说天下 国家地理,http://product.dangdang.com/22790516.html,图说天下・国家地理,2012/6/1,北京联合出版公司,?9.90
皮囊（畅销250万册的国民读本，韩寒监制，刘德华、李敬泽作序。繁...,http://product.dangdang.com/23604128.html,蔡崇达,2014/12/1,天津人民出版社,?19.90
神奇校车・动画版（全10册）,http://product.dangdang.com/25243206.html,乔安娜柯尔,2011/4/5,贵州人民出版社,?59.00
百年童话绘本・典藏版（全套30册）当当2018年中童书畅销榜，台湾...,http://product.dangdang.com/24030562.html,莱曼・弗兰克・鲍姆,2016/9/15,北京联合出版公司,?199.80
今日简史：人类命运大议题（《人类简史》《未来简史》作者2018年...,http://product.dangdang.com/25306969.html,尤瓦尔・赫拉利,2018/8/20,中信出版社,?40.80
把坏脾气收起来,http://product.dangdang.com/25102405.html,卡罗尔・罗思,2017/8/1,北京科学技术出版社,?18.00
霍乱时期的爱情（2015版）,http://product.dangdang.com/23716798.html,哥伦,2015/6/1,南海出版公司,?34.20
养育男孩（典藏版）,http://product.dangdang.com/23457691.html,史蒂夫,2014/4/1,中信出版社,?16.00
东野圭吾：悲剧人偶,http://product.dangdang.com/25301807.html,东野圭吾,2018/8/1,北京十月文艺出版社,?28.80
好妈妈胜过好老师（700万册纪念版）,http://product.dangdang.com/25124059.html,尹建莉,2017/8/8,作家出版社,?29.40
米小圈漫画成语（套装共4册）,http://product.dangdang.com/23976685.html,北猫,2016/5/1,四川少儿出版社,?39.30
半小时漫画中国史2（《半小时漫画中国史》系列第2部，其实是一本...,http://product.dangdang.com/25272999.html,陈磊,2018/5/31,海南出版社,?20.00
无声告白（就是她！征服欧美文坛的华裔作家！）,http://product.dangdang.com/23718322.html,伍绮诗,2016/9/1,江苏文艺出版社,?16.40
摆渡人2：重返荒原（每一个镌刻着爱与善意的灵魂，都会成为我们生...,http://product.dangdang.com/25163242.html,克莱儿・麦克福尔,2017/9/1,百花洲文艺出版社,?21.40
丰子恺万般滋味，都是生活,http://product.dangdang.com/25308985.html,丰子恺,2018/9/1,华中科技大学出版社,?21.00
时间简史（插图本）（央视《朗读者》推荐）,http://product.dangdang.com/463785.html,史蒂芬・霍金,2014/6/1,湖南科技出版社,?26.50
林汉达中国历史故事集（珍藏版）,http://product.dangdang.com/25177759.html,林汉达,2017/10/1,中国少年儿童出版社,?29.50
小威向前冲,http://product.dangdang.com/25246337.html,艾伦,2018/4/23,贵州人民出版社,?18.00
花婆婆,http://product.dangdang.com/23633727.html,芭芭拉库尼,2014/12/1,河北教育出版社,?21.30
东野圭吾：嫌疑人X的献身（王凯、张鲁一推荐，至为纯粹的爱情，绝...,http://product.dangdang.com/23490646.html,东野圭吾,2014/6/1,南海出版公司,?24.20
中国国家博物馆儿童历史百科绘本（5册）,http://product.dangdang.com/25273429.html,中国国家博物馆,2018/6/1,人民邮电出版社,?120.00
罗尔德・达尔作品典藏 查理和巧克力工厂,http://product.dangdang.com/25110008.html,罗尔德・达尔,2017/5/1,明天出版社,?11.00
数学帮帮忙（全25册）多功能数学绘本,http://product.dangdang.com/23219914.html,达芙妮・斯金纳,2013/4/1,新蕾出版社,?112.50
神奇校车・手工益智版（全8册）,http://product.dangdang.com/24012161.html,乔安娜・柯尔,2016/7/13,贵州人民出版社,?60.00
红星照耀中国 (团购更优惠 电话：010-57993149）八年级上册必读...,http://product.dangdang.com/25086655.html,埃德加・斯诺,2017/6/1,人民文学出版社,?26.70
写给儿童的中国地理（全14册）,http://product.dangdang.com/24044343.html,陈卫平,2016/9/1,新世界出版社,?196.00
阿凡提经典故事系列丛书（全4册）,http://product.dangdang.com/21054899.html,艾克拜尔,2011/4/1,新疆青少年出版社,?33.00
成语大词典（彩色本）最新修订版 60000多名读者热评！团购电话01...,http://product.dangdang.com/22925934.html,成语大词典,2013/1/1,商务印书馆国际有限公司,?84.80
信谊世界精选图画书・爷爷一定有办法,http://product.dangdang.com/25227339.html,菲比・吉尔曼,2013/4/1,明天出版社,?25.30
可爱的身体 （全8册）,http://product.dangdang.com/25069493.html,七尾纯,2010/1/1,南海出版公司,?59.00
银火箭少年科幻系列（亚洲首位“雨果奖”得主刘慈欣主编，全球销...,http://product.dangdang.com/25259302.html,刘慈欣,2018/4/2,浙江教育出版社,?115.20
DK幼儿百科全书――那些重要的事,http://product.dangdang.com/25233424.html,英国DK公司,2017/7/1,中国大百科全书出版社,?69.00
阿米巴经营――畅销十周年纪念版，当当全国独家（团购，请致电01...,http://product.dangdang.com/23932960.html,稻盛和夫,2016/3/1,中国大百科全书出版社,?17.50
半小时漫画中国史（修订版）(其实是一本严谨的极简中国史。团购电...,http://product.dangdang.com/24242340.html,陈磊,2017/6/30,江苏文艺出版社,?20.00
郑渊洁四大名传（全4册）,http://product.dangdang.com/23812468.html,郑渊洁,2015/12/1,浙江少年儿童出版社,?59.00
天长地久：给美君的信（龙应台2018全新力作）,http://product.dangdang.com/25311959.html,龙应台,2018/8/1,湖南文艺出版社,?39.90
德国精选科学图画书 （肚子里有个火车站+牙齿大街的新鲜事，套装...,http://product.dangdang.com/25084417.html,安娜・鲁斯曼,2017/6/1,北京科学技术出版社,?35.00
法布尔昆虫记（全10册）（儿童彩图版）,http://product.dangdang.com/9101748.html,高苏珊娜,2014/7/1,北京科学技术出版社,?99.00
老人与海（新版！未删节插图珍藏版，海明威等了64年的中译本，朗...,http://product.dangdang.com/24183943.html,海明威,2017/2/20,浙江文艺出版社,?23.40
朝花夕拾（“教育部统编《语文》推荐阅读丛书”）,http://product.dangdang.com/25267253.html,鲁迅,2018/4/1,人民文学出版社,?15.20
学会爱自己（第4辑）（学会自我管理，懂得自我激励！儿童情绪管理...,http://product.dangdang.com/25247885.html,渡边有一,2018/3/20,青岛出版社,?49.50
人间词话（近代极富盛名的词话著作，集编、校、释、评于一体，赏...,http://product.dangdang.com/23715237.html,王国维,2015/6/1,北京联合出版公司,?8.60
所有失去的都会以另一种方式归来（随书附赠限量珍藏版明信片×精...,http://product.dangdang.com/23926322.html,耿帅,2016/6/1,九州出版社,?21.90
米小圈脑筋急转弯（套装共4册）,http://product.dangdang.com/23878838.html,北猫,2016/1/1,四川少儿出版社,?32.00
非暴力沟通,http://product.dangdang.com/23807861.html,卢森堡,2016/1/1,华夏出版社,?19.80
世说新语（修订版） 无障碍阅读 学生版,http://product.dangdang.com/25181430.html,南朝・宋,2013/1/1,北京教育出版社,?20.10
白洋淀纪事（中学生定制版）部编教材七年级上指定阅读书系 团购电...,http://product.dangdang.com/25148488.html,孙犁,2017/8/1,长江文艺出版社,?16.40
放学后（东野圭吾成名作）,http://product.dangdang.com/25154615.html,东野圭吾,2017/9/1,南海出版公司,?31.10
湘行散记（七年级上册自主阅读推荐）,http://product.dangdang.com/23724433.html,沈从文,2015/7/1,江苏人民出版社,?12.50
这样跟孩子定规矩，孩子最不会抵触,http://product.dangdang.com/22818816.html,乔治・M・卡帕卡,2012/8/1,北京联合出版公司,?17.10
乌合之众 : 大众心理研究,http://product.dangdang.com/25246609.html,古斯塔夫・勒庞,2018/4/6,民主与建设出版社,?11.70
神奇校车・阅读版（全16册）,http://product.dangdang.com/21085963.html,乔安娜柯尔,2011/6/1,贵州人民出版社,?64.00
月亮的味道（精装）,http://product.dangdang.com/25176229.html,麦克格雷涅茨,2017/10/1,二十一世纪出版社,?17.50
小兔汤姆旅行版（全26册）,http://product.dangdang.com/23426498.html,玛莉,2014/1/1,海燕出版社,?63.00
米小圈上学记一年级--四年级（套装共16册）,http://product.dangdang.com/25261329.html,北猫,2018/4/1,四川少儿出版社,?200.00
独一无二的你+勇敢做自己,http://product.dangdang.com/23174548.html,克兰兹,2013/2/1,北京科学技术出版社,?29.00
信谊世界精选图画书・蚯蚓的日记,http://product.dangdang.com/25227242.html,朵琳・克罗宁,2013/4/1,明天出版社,?24.00
你看起来好像很好吃（恐龙简装套装全7册）,http://product.dangdang.com/24079906.html,宫西达也,2016/11/1,２１世纪出版社,?81.90
外婆的道歉信（马思纯领读书目，人民日报、央视推荐。年度口碑爆...,http://product.dangdang.com/25072421.html,弗雷德里克・巴克曼,2017/5/1,天津人民出版社,?21.00
朝花夕拾（七年级上册必读，语文新课标必读丛书，央视朗读者节目...,http://product.dangdang.com/23620944.html,鲁迅,2015/1/1,天津人民出版社,?12.50
少年读西游记（套装全3册）,http://product.dangdang.com/25178748.html,张嘉骅,2017/10/20,青岛出版社,?44.70
青蛙弗洛格的成长故事（全三辑，共26册）,http://product.dangdang.com/22791395.html,马克斯・维尔修思,2010/10/1,湖南少年儿童出版社,?81.30
月亮和六便士（全新导读无删节详注版！ 半年创当当110000名读者五...,http://product.dangdang.com/25126128.html,毛姆,2017/9/1,时代文艺出版社,?7.80
俞敏洪：在人生的更高处相见（2018年全新力作）,http://product.dangdang.com/25307603.html,俞敏洪,2018/8/1,北京联合出版有限公司,?24.90
红岩（七年级下册必读）,http://product.dangdang.com/25167661.html,罗广斌,2017/9/1,中国青年出版社,?22.70
我们的身体,http://product.dangdang.com/23946177.html,艾德兰,2012/6/1,未来出版社,?77.50
去旅行系列（全2册）法国教育部推荐！深度知识体系的人文地理百科...,http://product.dangdang.com/25165048.html,阿梅莉・卡斯唐,2017/9/1,广西科学技术出版社,?108.00
养育女孩,http://product.dangdang.com/23457690.html,Steve,2014/4/1,中信出版社,?16.00
朗读者（青少版） 人民文学出版社,http://product.dangdang.com/25122026.html,董卿,2017/7/1,人民文学出版社,?33.20
星星离我们有多远（卞毓麟 教育部新编初中语文教材指定阅读图书）...,http://product.dangdang.com/25103207.html,卞毓麟,2017/7/1,长江文艺出版社,?14.30
狼图腾(修订版)（一部描绘、研究蒙古草原狼的“旷世奇书”）（1-...,http://product.dangdang.com/23597292.html,姜戎,2014/11/1,长江文艺出版社,?19.10
爱打嗝的斑马（精装）,http://product.dangdang.com/23234814.html,大卫,2013/4/1,北京联合出版公司,?15.90
一粒种子的旅行,http://product.dangdang.com/25073861.html,安妮・默勒,2017/6/1,南海出版公司,?24.20
西游记 四大名著 部编教材七年级（上）推荐必读篇目（足本典藏精...,http://product.dangdang.com/23992020.html,吴承恩,2016/4/1,商务印书馆,?26.00
信谊世界精选图画书・逃家小兔,http://product.dangdang.com/25227340.html,玛格丽特・怀兹・布朗,2013/6/1,明天出版社,?22.00
鬼谷子―中华经典藏书,http://product.dangdang.com/23691200.html,战国,2015/3/1,吉林美术出版社,?16.80
爱的教育（新课标，夏D尊先生流芳90年经典译本，享誉世界的儿童...,http://product.dangdang.com/23643237.html,亚米契斯,2015/1/1,安徽教育出版社,?16.40
学会管自己幼儿版-歪歪兔自控力教育系列绘本,http://product.dangdang.com/25083136.html,歪歪兔关键期早教项目组,2017/6/1,海豚出版社,?44.00
昆虫记（文前33张共8页高清彩色照片图+系统分类目录+昆虫谱系表+...,http://product.dangdang.com/25126137.html,亨利・法布尔,2017/9/1,时代文艺出版社,?14.00
现当代长篇小说经典系列：边城,http://product.dangdang.com/23530913.html,沈从文,2014/7/1,长江文艺出版社,?12.70
见识城邦・人类简史：从动物到上帝（新版）,http://product.dangdang.com/24186019.html,尤瓦尔・赫拉利,2017/1/1,中信出版社,?34.00
给孩子的身体书（给5―15岁孩子的第一本生理“教科书”）,http://product.dangdang.com/25270777.html,霍华德・本内特,2018/5/1,北京联合出版有限公司,?62.50
三国演义（上 下 ）（全二册）（1-9年级必读书单）,http://product.dangdang.com/102772.html,罗贯中,2010/9/1,人民文学出版社,?22.10
红星照耀中国 八年级上 人教版名著阅读课程化丛书 教育部统编教材...,http://product.dangdang.com/25278830.html,埃德加・斯诺,2018/6/1,人民教育出版社,?36.50
曹文轩文集-草房子,http://product.dangdang.com/22506353.html,曹文轩,2011/10/1,天天出版社有限责任公司,?11.00
可爱的鼠小弟（1-12）,http://product.dangdang.com/25069494.html,中江嘉男,2013/10/1,南海出版公司,?99.00
郑渊洁十年未出版的经典童话,http://product.dangdang.com/23665432.html,郑渊洁,2015/5/1,天津人民出版社,?30.00
泰戈尔诗集：新月集・飞鸟集（新课标，郑振铎经典译本）,http://product.dangdang.com/25251934.html,泰戈尔,2018/4/9,浙江工商大学出版社,?17.20
水浒传（上下册）（全两册）――中国古典文学读本丛书（九年级上...,http://product.dangdang.com/105272.html,施耐庵,2004/9/1,人民文学出版社,?28.00
安徒生童话（新课标，伴随一代代孩子们成长的童话故事，著名儿童...,http://product.dangdang.com/23696382.html,安徒生,2015/5/1,安徽教育出版社,?16.40
昆虫记 新版 部编教材八年级（上）推荐必读篇目（名译精装典藏版...,http://product.dangdang.com/25088415.html,亨利,2017/5/1,商务印书馆,?13.10
可爱的鼠小弟（1-22）,http://product.dangdang.com/25069495.html,中江嘉男,2013/8/1,南海出版公司,?193.00
美国经典专注力培养大书 （全8册）,http://product.dangdang.com/20948886.html,Highlights杂志社,2013/7/1,湖南少年儿童出版社,?80.00
镜花缘 部编教材七年级（上）推荐阅读篇目 （足本典藏 新课标推荐...,http://product.dangdang.com/25141754.html,李汝珍,2017/8/1,商务印书馆,?29.90
活着（精装版，余华代表作，易烊千玺推荐阅读版本）,http://product.dangdang.com/25092039.html,余华,2017/6/1,北京十月文艺出版社,?17.50
俗世奇人（全二册）,http://product.dangdang.com/23929894.html,冯骥才,2016/2/29,作家出版社,?22.00
歪歪兔行为习惯系列互动图画书（全10册，赠完整版动画片DVD）,http://product.dangdang.com/20927266.html,歪歪兔关键期早教项目组,2015/8/18,海豚出版社,?45.00
半小时漫画世界史（其实是一本严谨的极简世界史。）,http://product.dangdang.com/25252459.html,陈磊,2018/4/20,江苏凤凰文艺出版社,?20.00
新华成语词典 第2版,http://product.dangdang.com/23711299.html,商务印书馆辞书研究中心,2015/5/1,商务印书馆,?55.20
九型人格 : 职场高品质沟通的艺术,http://product.dangdang.com/23998793.html,海伦・帕尔默,2016/7/1,北京联合出版公司,?16.70
假如给我三天光明（新课标，名家翻译，非改写&非编译本，海伦・凯...,http://product.dangdang.com/23643240.html,凯勒,2015/1/1,安徽教育出版社,?13.70
挪威的森林（2018年新版，村上春树的残酷青春物语，现象级的超级...,http://product.dangdang.com/25239529.html,村上春树,2018/3/1,上海译文出版社,?24.00
蒲公英・英语拼读王（全12册+9CD＋6DVD光盘）,http://product.dangdang.com/25280354.html,林素娥,2018/5/24,贵州人民出版社,?134.00
活了100万次的猫（珍藏版）,http://product.dangdang.com/25108090.html,佐野洋子,2017/4/1,接力出版社,?20.90
朝花夕拾 新版 部编教材七年级（上）推荐必读篇目（精装典藏版 新...,http://product.dangdang.com/25101764.html,鲁迅,2017/5/1,商务印书馆,?16.70
格局,http://product.dangdang.com/23698038.html,何权峰,2015/5/1,江苏文艺出版社,?18.00
花格子大象艾玛经典绘本系列（套装全6册）,http://product.dangdang.com/25176540.html,大卫・麦基,2017/10/1,中信出版社,?59.00
我不（大冰作品。十个月狂销200万册，不容错过的奇书！）,http://product.dangdang.com/25146931.html,大冰,2017/9/1,湖南文艺出版社,?21.50
穆斯林的葬礼（2015版）,http://product.dangdang.com/23780305.html,霍达,2015/9/1,北京十月文艺出版社,?35.90
天蓝色的彼岸,http://product.dangdang.com/8925289.html,希尔,2005/4/1,新世界出版社,?9.90
城南旧事：一部触动千万读者灵魂的童年离骚,http://product.dangdang.com/23808286.html,林海音,2015/7/1,江苏人民出版社,?14.00
王一梅童书经典长篇童话--鼹鼠的月亮河,http://product.dangdang.com/25176853.html,王一梅,2017/10/1,新蕾出版社,?12.50
亲密关系：通往灵魂的桥梁（2015全新修订版）,http://product.dangdang.com/23675066.html,克里斯多福・孟,2015/4/1,湖南文艺出版社,?19.00
字的童话（全7册）,http://product.dangdang.com/23198676.html,林世仁,2013/4/1,贵州人民出版社,?49.00
数学原来可以这样学（畅销日本300万册，小学生家长必备。让孩子爱...,http://product.dangdang.com/23472978.html,野口哲典,2014/6/1,湖南人民出版社,?27.40
托马斯和朋友宝宝睡前故事（30册）,http://product.dangdang.com/25181620.html,HIT公司,2017/10/1,人民邮电出版社,?49.00
安房直子幻想小说系列（共6册）,http://product.dangdang.com/20810568.html,安房直子,2010/6/1,少年儿童出版社,?51.00
犟龟,http://product.dangdang.com/25169361.html,米切尔.恩德,2017/10/1,二十一世纪出版社,?18.00
愿你，归来仍是少年（林清玄启悟人生系列）,http://product.dangdang.com/24203014.html,林清玄,2017/3/15,长江文艺出版社,?19.70
昆虫记 八年级上 人教版名著阅读课程化丛书 教育部统编教材推荐必...,http://product.dangdang.com/25171990.html,亨利.法布尔,2017/8/1,人民教育出版社,?29.00
孙子兵法・三十六计（新课标，完整原文+详细注释+准确翻译+历史故...,http://product.dangdang.com/25126133.html,孙武,2017/8/1,浙江工商大学出版社,?19.00
自控力（2017年纪念新版）,http://product.dangdang.com/25174289.html,凯利,2017/10/31,文化发展出版社,?25.00
董卿：做一个有才情的女子,http://product.dangdang.com/25223949.html,乔瑞玲,2018/2/1,百花洲文艺出版社,?19.90
西游记 (新课标 青少版),http://product.dangdang.com/23845428.html,吴承恩,2016/1/1,浙江教育出版社,?18.70
我和小姐姐克拉拉（共3册）1.2.3 经典完全本,http://product.dangdang.com/23797242.html,迪米特尔茵可夫,2015/9/1,二十一世纪出版社,?27.80
大卫不可以+大卫上学去+大卫惹麻烦（大卫系列全3册）,http://product.dangdang.com/23485462.html,大卫・香农David,2014/5/1,河北教育出版社,?65.90
湘行散记 部编教材七年级（上）推荐必读（新课标推荐 无障碍阅读...,http://product.dangdang.com/25099324.html,沈从文,2017/6/1,商务印书馆,?12.60
100层的巴士 麦克米伦世纪,http://product.dangdang.com/25189769.html,麦克,2017/10/1,二十一世纪出版社,?17.50
舒克贝塔传（全10册）,http://product.dangdang.com/25125912.html,郑渊洁,2017/8/1,浙江少年儿童出版社,?100.00
在深渊里仰望星空：魏晋名士的卑微与骄傲,http://product.dangdang.com/25261736.html,北溟鱼,2018/4/22,湖南人民出版社,?24.00
诗经（韩寒推荐，全三册注音插图版）,http://product.dangdang.com/25216063.html,骆玉明,2018/1/1,三秦出版社,?69.00
原则 principles 雷・达里奥著 跨年演讲推荐图书 团购电话:010-5...,http://product.dangdang.com/25204629.html,瑞・达利欧,2018/1/1,中信出版社,?58.80
美国儿科学会育儿百科（第6版，2018全新增订),http://product.dangdang.com/25238690.html,斯蒂文・谢尔弗,2018/3/1,北京科学技术出版社,?53.40
爱心树（2018版）,http://product.dangdang.com/25214826.html,谢尔・希尔弗斯坦,2018/1/1,北京联合出版有限公司,?26.30
小学思维训练：思维导图,http://product.dangdang.com/23750048.html,赵国庆,2015/7/1,北京师范大学出版社,?13.00
看见,http://product.dangdang.com/22924035.html,柴静,2013/1/1,广西师范大学出版社,?21.90
朝花夕拾 七年级上 人教版名著阅读课程化丛书 教育部统编教材推荐...,http://product.dangdang.com/25112867.html,鲁迅,2017/6/1,人民教育出版社,?19.00
永远讲不完的故事(新译本),http://product.dangdang.com/23292645.html,米切尔・恩德,2013/6/1,２１世纪出版社,?22.50
情商是什么（杨澜、吴晓波联袂推荐。所谓情商高，绝不仅仅是会说...,http://product.dangdang.com/25201858.html,李筱懿,2017/12/12,浙江文艺出版社,?29.20
金字塔原理（麦肯锡40年经典培训教材）,http://product.dangdang.com/23360386.html,芭芭拉.明托,2013/11/1,南海出版公司,?24.50
小读客・梅格时空大冒险（套装全5册）（含《时间的折皱》[又名《...,http://product.dangdang.com/25099944.html,马德琳・英格,2017/7/1,文汇出版社,?108.40
东方儿童性教育绘本（全3册）,http://product.dangdang.com/23174150.html,郑智泳,2013/1/1,北京理工大学出版社,?30.00
多莱尔的希腊神话书（畅销千万册，纽约公共图书馆“百年百佳书”...,http://product.dangdang.com/23950912.html,英格丽,2016/6/1,江苏教育出版社,?44.00
宇宙超度指南,http://product.dangdang.com/25166289.html,李诞,2017/11/1,四川文艺出版社,?18.00
朝花夕拾 黑皮阅读 人教统编教材七年级上推荐必读（中小学生必读...,http://product.dangdang.com/20531530.html,鲁迅,2009/4/1,陕西师范大学出版社,?15.20
大中华寻宝系列24 福建寻宝记 我的第一本科学漫画书,http://product.dangdang.com/25294448.html,孙家裕,2018/6/1,二十一世纪出版社,?17.50
且以优雅过一生：杨绛传（杨绛传记的标杆之作）,http://product.dangdang.com/24026197.html,桑妮,2016/9/1,湖南文艺出版社,?16.00
白洋淀纪事 部编教材七年级（上）推荐阅读篇目（精装典藏版 新课...,http://product.dangdang.com/25161693.html,孙犁,2017/9/1,商务印书馆,?16.30
四五快读 全彩图升级版――幼儿快速识字阅读法（全8册）(让孩子爱...,http://product.dangdang.com/22745425.html,杨其铎,2012/2/1,湖南科技出版社,?137.40
长征 修订版 部编八年级上册语文阅读指定书目,http://product.dangdang.com/25190819.html,王树增,2017/11/1,人民文学出版社,?61.20
呼兰河传（此版本当当网销量遥遥领先！《呼兰河传》和《生死场》...,http://product.dangdang.com/23618525.html,萧红,2014/12/1,北京联合出版公司,?8.30
古文观止（上下）,http://product.dangdang.com/24021172.html,吴楚材,2016/9/1,浙江教育出版社,?24.40
小王子（新课标，教育部、清华附小推荐必读书目，入选苏教版语文...,http://product.dangdang.com/25067469.html,埃克苏佩里,2017/4/1,辽宁少年儿童出版社,?8.90
0-4岁幼儿认知小百科（全3册),http://product.dangdang.com/23417701.html,吉田纯子,2014/2/1,长江少年儿童出版社,?59.70
S.忒修斯之船（简体中文典藏复刻版）,http://product.dangdang.com/23925143.html,J.J.艾布拉姆斯,2016/6/1,中信出版社,?97.50
把生活过成你想要的样子,http://product.dangdang.com/24009303.html,慈怀读书会,2016/7/1,北京联合出版公司,?21.00
父与子全集(郑渊洁唯一推荐版本，亲子同读必备经典)【作家榜出品...,http://product.dangdang.com/25067286.html,卜劳恩,2017/5/10,浙江文艺出版社,?19.90
西游记（上下册）七年级上 人教版名著阅读课程化丛书 教育部统编...,http://product.dangdang.com/25141585.html,吴承恩,2017/7/1,人民教育出版社,?54.90
环球旅行,http://product.dangdang.com/23483341.html,克尔,2013/3/1,未来出版社,?44.90
二年级统编小学语文教材“快乐读书吧”指定阅读（共5册)--孤独的...,http://product.dangdang.com/25295520.html,严文井,2018/6/1,长江文艺出版社,?84.00
生命 : 万物不可思议的连接方式（让孩子们秒懂世界起源的万物简史...,http://product.dangdang.com/25119226.html,米莎・布莱斯,2017/8/8,江苏凤凰美术出版社,?44.00
希利尔讲世界史、世界地理、艺术史 套装,http://product.dangdang.com/20863205.html,希利尔,2010/4/1,贵州教育出版社,?68.20
唐诗三百首 小学生 成长必读 绘本 注音版,http://product.dangdang.com/23993774.html,思睿,2016/8/1,北方妇女儿童出版社,?26.00
世说新语(精)上下册--中华经典名著全本全注全译丛书(第三辑),http://product.dangdang.com/23568685.html,朱碧莲,2014/9/1,中华书局,?44.20
小猪佩奇（全10册）,http://product.dangdang.com/23248697.html,英国快乐瓢虫出版公司,2013/5/1,安徽少年儿童出版社,?60.00
有故事的汉字 第1辑（当当独家订制版，全3册）,http://product.dangdang.com/23629505.html,邱昭瑜,2015/1/6,青岛出版社,?30.00
细菌世界历险记（中小学语文新课标必读名著 ）菌儿自传 高士其科...,http://product.dangdang.com/24040247.html,高士其,2016/9/1,人民邮电出版社,?9.10
郑渊洁给孙女的好习惯书：十二生肖童话绘本,http://product.dangdang.com/23466258.html,郑渊洁,2014/5/1,天津人民出版社,?67.50
墨菲定律,http://product.dangdang.com/25142121.html,张文成,2017/8/1,古吴轩出版社,?16.40
动物小说大王沈石溪・品藏书系：狼王梦（升级版）,http://product.dangdang.com/25309929.html,沈石溪,2018/7/1,浙江少年儿童出版社,?18.50
男孩的冒险书（少儿绘图版，全三册）,http://product.dangdang.com/24104216.html,康恩・伊古尔登,2016/11/1,广西科学技术出版社,?99.00
大英儿童百科全书（全16卷）,http://product.dangdang.com/22915343.html,不列颠百科出品,2012/10/1,湖南少儿出版社,?224.00
飞花令里读诗词 第一辑 春夏秋冬 套装共4册,http://product.dangdang.com/25165452.html,琬如,2017/10/1,时代文艺出版社,?49.50
骆驼祥子（新课标）老舍经典小说，更适合青少年阅读的佳本,http://product.dangdang.com/25126136.html,老舍,2017/8/1,浙江工商大学出版社,?15.80
孤独的小螃蟹（精美插图版） 二年级统编小学语文教材“快乐读书吧...,http://product.dangdang.com/25294295.html,冰波,2018/6/1,长江文艺出版社,?17.30
罗生门（芥川龙之介小说集）《人间失格》作者太宰治是芥川的头号...,http://product.dangdang.com/25190564.html,芥川龙之介,2017/12/1,时代文艺出版社,?10.00
小鲤鱼跳龙门（精美插图版） 二年级统编小学语文教材“快乐读书吧...,http://product.dangdang.com/25294297.html,金近,2018/6/1,长江文艺出版社,?17.30
"孩子你慢慢来：龙应台""人生三书""之一（彩插新版）",http://product.dangdang.com/23407865.html,龙应台,2014/1/1,广西师范大学出版社,?17.90
杀死一只知更鸟（纪念版）,http://product.dangdang.com/25279755.html,哈珀.李,2018/3/1,译林出版社,?23.90
美的历程（李泽厚代表名作）,http://product.dangdang.com/23445574.html,李泽厚,2014/3/1,生活.读书.新知三联书店,?40.30
三毛流浪记全集（彩图注释版）,http://product.dangdang.com/23288237.html,张乐平,2013/6/1,少年儿童出版社,?75.00
一只想飞的猫（精美插图版） 二年级统编小学语文教材“快乐读书吧...,http://product.dangdang.com/25294298.html,陈伯吹,2018/6/1,长江文艺出版社,?12.10
邦臣小红花・0-3岁专注力训练贴纸书 全6册,http://product.dangdang.com/24013630.html,北京小红花图书工作室,2016/7/1,中国人口出版社,?35.40
绿山墙的安妮（新课标，哈利・波特系列译者马爱农译）,http://product.dangdang.com/25061584.html,露西・蒙哥马利,2017/4/1,浙江工商大学出版社,?22.10
让孩子爱上科学的趣味实验大百科,http://product.dangdang.com/23822066.html,学研教育出版,2015/12/1,浙江少年儿童出版社,?49.00
高效能人士的七个习惯（30周年纪念版）：打造一套全新的思维方式...,http://product.dangdang.com/25253022.html,史蒂芬・柯维,2018/5/1,中国青年出版社,?59.30
沉默的大多数（手稿珍藏版）,http://product.dangdang.com/24516876.html,王小波,2017/4/1,北京十月文艺出版社,?17.50
如果恐龙还活着・想象力与心智成长绘本（套装四册）,http://product.dangdang.com/24197644.html,蒂莫西・纳普曼,2017/2/1,中信出版社,?36.00
白鹿原,http://product.dangdang.com/25060501.html,陈忠实,2017/4/13,作家出版社,?20.90
西游记 原著（最新版）语文新课标必读丛书/义务教育部分,http://product.dangdang.com/22766243.html,吴承恩,1980/5/1,人民文学出版社,?24.40
不用说，孩子就会听――歪歪兔逆反期教育系列图画书（全8册）,http://product.dangdang.com/23415182.html,歪歪兔关键期早教项目组,2014/3/1,海豚出版社,?37.50
总要习惯一个人（蕊希2018年全新力作）,http://product.dangdang.com/25301747.html,蕊希,2018/7/5,湖南文艺出版社,?27.80
佐贺的超级阿嬷,http://product.dangdang.com/23368941.html,岛田洋七,2013/11/1,南海出版公司,?23.20
“歪脑袋”木头桩（精美插图版） 二年级统编小学语文教材“快乐读...,http://product.dangdang.com/25294294.html,严文井,2018/6/1,长江文艺出版社,?16.50
小狗的小房子（精美插图版） 二年级统编小学语文教材“快乐读书吧...,http://product.dangdang.com/25294296.html,孙幼军,2018/6/1,长江文艺出版社,?16.50
我的大画本（全3册）,http://product.dangdang.com/23732570.html,乔斯夫托普森,2015/7/1,陕西人民教育出版社,?43.20
汉声数学图画书（全41册+妈妈手册）,http://product.dangdang.com/23356805.html,明德尔西托默,2013/10/21,贵州人民出版社,?540.00
从小爱科学・有趣的物理（全16册）,http://product.dangdang.com/23820838.html,沈丹丹,2015/12/1,湖南少年儿童出版社,?64.00
房思琪的初恋乐园,http://product.dangdang.com/25208978.html,林奕含,2018/2/1,北京联合出版有限公司,?31.10
浮生六记（全新精装纪念版，汪涵贾平凹推荐！全本全译全注，无需...,http://product.dangdang.com/24236840.html,沈复,2017/4/1,浙江文艺出版社,?24.80
黄蓓佳倾情小说系列--我要做好孩子,http://product.dangdang.com/24068556.html,黄蓓佳,2016/9/1,江苏少年儿童出版社,?11.00
汤姆・索亚历险记（新课标全译本，万条读者五星好评，北大著名翻...,http://product.dangdang.com/25061586.html,马克・吐温,2017/4/1,浙江工商大学出版社,?19.00
培生幼儿英语：基础级（升级版）,http://product.dangdang.com/25171014.html,培生集团,2017/10/1,湖北少儿出版社,?84.00
上帝掷骰子吗？量子物理史话（科学性和故事性的完美结合，具有超...,http://product.dangdang.com/22453424.html,曹天元,2011/4/1,北京联合出版公司,?18.40
为了你，我愿意热爱整个世界 唐家三少挚爱作品,http://product.dangdang.com/23972385.html,唐家三少,2016/6/1,湖南文艺出版社,?19.80
第一次自己睡觉,http://product.dangdang.com/23809865.html,季巳明代,2015/9/1,北京联合出版公司,?16.40
行动变现：如何让我们的拼搏更有价值,http://product.dangdang.com/25298827.html,杨小米,2018/7/1,江苏凤凰文艺出版社,?19.90
好妈妈胜过好老师2：自由的孩子最自觉,http://product.dangdang.com/25072639.html,尹建莉,2017/3/23,文汇出版社,?24.40
做一个刚刚好的女子：不攀附，不将就,http://product.dangdang.com/23912830.html,晚情,2016/2/1,青岛出版社,?17.50
毛毛(米切尔・恩德作品典藏),http://product.dangdang.com/23292646.html,米切尔・恩德,2013/6/1,２１世纪出版社,?15.00
森林报系列 彩色版（全4册）,http://product.dangdang.com/20910285.html,比安基,2010/5/1,２１世纪出版社,?30.00
大卫上学去,http://product.dangdang.com/23557290.html,大卫・香农David,2008/10/1,河北教育出版社,?26.70
让孩子着迷的77×2个经典科学游戏（2018版）,http://product.dangdang.com/25296136.html,后藤道夫,2018/7/1,南海出版公司,?28.30
大卫，不可以,http://product.dangdang.com/23485739.html,大卫・香农David,2014/8/1,河北教育出版社,?26.70
人生（影响千万青年的励志名篇-- 马云、贾樟柯倾情推荐！）,http://product.dangdang.com/22632990.html,路遥,2012/3/1,北京十月文艺出版社,?17.30
苏菲的世界（新版）,http://product.dangdang.com/25170989.html,乔斯坦・贾德,2017/9/19,作家出版社,?25.80
老人与海（当当网此版本销量遥遥领先！人可以被毁灭，却不可以被...,http://product.dangdang.com/23828562.html,欧内斯特米勒尔海明威,2016/1/1,作家出版社,?8.10
哈利・波特与魔法石,http://product.dangdang.com/23574021.html,罗琳,2000/9/1,人民文学出版社,?20.00
活法,http://product.dangdang.com/22783643.html,稻盛和夫,2012/5/1,东方出版社,?16.20
如何阅读一本书,http://product.dangdang.com/24215745.html,莫提默・J.艾德勒,2004/1/1,商务印书馆,?29.90
郑渊洁四大名传：鲁西西传,http://product.dangdang.com/23812470.html,郑渊洁,2015/12/1,浙江少年儿童出版社,?12.50
权威定本四大名著： 红楼梦 三国演义 水浒传 西游记 当当网全国...,http://product.dangdang.com/20605371.html,曹雪芹,2008/7/1,人民文学出版社,?137.60
不可不知的科学,http://product.dangdang.com/25175049.html,约翰范登,2017/12/1,长江少年儿童出版社,?24.00
儒林外史(56回全本，内容考证、文字句读全新修订版。),http://product.dangdang.com/23733160.html,吴敬梓,2015/7/1,花山文艺出版社,?10.20
未来简史+人类简史（新版套装2册）,http://product.dangdang.com/24192784.html,尤瓦尔・赫拉利,2017/4/1,中信出版社,?81.60
要是你给老鼠吃饼干系列（全9册）,http://product.dangdang.com/25125417.html,劳拉・努梅罗夫,2017/8/1,接力出版社,?109.50
张爱玲全集01：倾城之恋（2012年全新修订版，收录《金锁记》《第...,http://product.dangdang.com/22782677.html,张爱玲,2012/6/1,北京十月文艺出版社,?20.60
青蛙弗洛格的成长故事（第一辑 全12册）,http://product.dangdang.com/9203153.html,马克思,2006/6/1,湖南少年儿童出版社有限责任公司,?28.80
观山海（“百鬼画师”杉泽绝美诠释山海经）,http://product.dangdang.com/25278075.html,杉泽,2018/6/1,湖南文艺出版社,?92.40
三毛流浪记（彩图注音读物）,http://product.dangdang.com/25106955.html,张乐平,2017/6/1,少年儿童出版社,?28.50
绿野仙踪（新课标原版插图本，著名儿童文学翻译家张炽恒倾情翻译...,http://product.dangdang.com/24080100.html,莱曼・弗兰克・鲍姆,2016/10/12,北京联合出版公司,?15.20
简爱（浙大翻译家宋兆霖翻译，未删减全本。）九年级下册必读书目,http://product.dangdang.com/23752765.html,夏洛蒂勃朗特,2015/8/1,作家出版社,?12.20
动物小说大王沈石溪・感悟生命书系（套装共5册）,http://product.dangdang.com/23509507.html,沈石溪,2014/7/1,人民邮电出版社,?59.00
小鸡球球成长绘本系列：全6册（新版）,http://product.dangdang.com/25204712.html,入山智,2018/2/2,长江少年儿童出版社,?71.40
张爱玲全集02：红玫瑰与白玫瑰（2012年全新修订版）,http://product.dangdang.com/22782676.html,张爱玲,2012/6/1,北京十月文艺出版社,?14.00
纳尼亚传奇(全辑共7册),http://product.dangdang.com/22474387.html,刘易斯,2011/8/1,译林出版社,?44.00
100层的房子【新版】（纵开式畅销绘本3册套装， 100层的房子+地下...,http://product.dangdang.com/25314288.html,岩井俊雄,2018/8/1,北京科学技术出版社,?58.50
我与地坛,http://product.dangdang.com/25244709.html,史铁生,2018/3/1,人民文学出版社,?19.90
彩虹色的花,http://product.dangdang.com/25311931.html,麦克,2018/7/1,二十一世纪出版社,?23.00
学会管自己（歪歪兔独立成长童话）,http://product.dangdang.com/23521768.html,陈梦敏,2014/8/1,海豚出版社,?64.00
鸭子骑车记,http://product.dangdang.com/24242871.html,大卫・香农,2017/4/1,新星出版社,?29.90
我爱幼儿园,http://product.dangdang.com/22812599.html,塞尔日・布洛克,2012/8/1,北京科学技术出版社,?23.00
阶梯数学・4岁 （共5册）,http://product.dangdang.com/9261644.html,朱慧兰,2006/10/1,北京科学技术出版社,?35.00
郑渊洁十二生肖童话（全12册）（内含《父与子》这篇文章，央视“...,http://product.dangdang.com/23812473.html,郑渊洁,2015/12/1,浙江少年儿童出版社,?99.10
秘密 （东野圭吾创作生涯里程碑）,http://product.dangdang.com/25172573.html,东野圭吾,2017/11/1,南海出版公司,?30.10
堂吉诃德（上下）（精装版，央视《朗读者》第七期程何选读版本）,http://product.dangdang.com/23720681.html,塞万提斯,2015/5/1,人民文学出版社,?37.40
小黑鱼,http://product.dangdang.com/25069962.html,李欧・李奥尼,2010/1/1,南海出版公司,?29.90
大林和小林（新课标全本，荣获豆瓣8.9高评分的经典童话，被誉为中...,http://product.dangdang.com/24198401.html,张天翼,2017/3/1,浙江工商大学出版社,?15.70
飞向太空港（中学生定制版（全本））―教育部新编语文教材指定阅...,http://product.dangdang.com/25124827.html,李鸣生,2017/8/1,长江文艺出版社,?21.00
钝感力（渡边淳一经典：具备不为小事动摇的钝感力，才能成为真正...,http://product.dangdang.com/25201859.html,渡边淳一,2017/12/1,青岛出版社,?16.00
小鸡鸡的故事+乳房的故事（性教育套装2018版）,http://product.dangdang.com/25265074.html,山本直英,2018/4/11,连环画出版社,?46.80
宝宝学说话系列 第1辑 语言启蒙（全5册）,http://product.dangdang.com/22547397.html,真果果,2011/9/1,中国人口出版社,?22.50
美国妈妈选择奖金奖绘本（套装共4册）,http://product.dangdang.com/25171004.html,玛丽安妮,2017/10/1,天津人民出版社,?59.60
写给儿童的世界历史（全16册）,http://product.dangdang.com/23487613.html,陈卫平,2014/7/1,贵州教育出版社,?206.40
爱丽丝漫游奇境记（新课标经典插图本）,http://product.dangdang.com/24041686.html,刘易斯・卡罗尔,2016/11/1,北京联合出版公司,?13.00
猜猜我是谁系列套装（全4册）,http://product.dangdang.com/25230922.html,尼娜兰登,2014/11/1,北京联合出版公司,?50.00
漫画万物由来（中国童书榜zui佳童书奖，桂冠童书奖，当当原创科普...,http://product.dangdang.com/24103914.html,郭翔,2016/11/1,辽宁少年儿童出版社,?44.10
写给儿童的成语故事（全10册）,http://product.dangdang.com/23946811.html,百鹤文化,2016/4/1,贵州教育出版社,?180.00
庆子绘本（全4册）,http://product.dangdang.com/20043534.html,凯萨兹,2007/10/15,贵州人民出版社,?24.00
厚黑学(李宗吾著),http://product.dangdang.com/9214898.html,李宗吾,2006/9/1,群言出版社,?13.30
镜花缘（中国古典文学巨著，鲁迅称之为能“与万宝全书相邻比”的...,http://product.dangdang.com/23785047.html,李汝珍,2015/10/1,民主与建设出版社,?12.90
林格伦作品集・美绘版――淘气包埃米尔,http://product.dangdang.com/25254647.html,林格伦,2018/5/1,中国少年儿童出版社,?12.50
别让你的焦虑，拖累你的人生,http://product.dangdang.com/25311902.html,王小毛,2018/9/1,人民日报出版社,?22.50
《幼儿学古诗（全2册）》,http://product.dangdang.com/25264856.html,中国教育科学研究院早期教育研究中心,2018/5/1,教育科学出版社,?40.00
史记（新课标）,http://product.dangdang.com/24159864.html,西汉,2017/1/1,浙江教育出版社,?16.70
14只老鼠全集（全12册）,http://product.dangdang.com/25243621.html,岩村和朗,2018/4/1,接力出版社,?112.80
P.E.T.父母效能训练:让亲子沟通如此高效而简单（PET）,http://product.dangdang.com/23793108.html,戈登,2015/9/1,中国发展出版社,?17.50
豆蔻镇的居民和强盗（注音版）中小学生课外阅读推荐图书,http://product.dangdang.com/23526296.html,托比杨・埃格纳,2014/6/1,陕西人民教育出版社,?14.90
人性的弱点大全集（人性的弱点+人性的优点）（薛之谦推荐。20世纪...,http://product.dangdang.com/25160666.html,戴尔・卡耐基,2017/8/1,天津人民出版社,?30.00
我爸爸,http://product.dangdang.com/23485740.html,安东尼・布朗,2014/8/1,河北教育出版社,?28.20
你看起来好像很好吃,http://product.dangdang.com/23257360.html,宫西达也,2009/1/1,２１世纪出版社,?20.80
秘密花园(新课标，翻译文化终身成就奖获得者李文俊倾情翻译),http://product.dangdang.com/24041685.html,弗朗西丝・霍奇森・伯内特,2016/11/1,北京联合出版公司,?18.90
不吼不叫：如何平静地让孩子与父母合作,http://product.dangdang.com/23909227.html,罗娜・雷纳,2016/3/1,上海社会科学院出版社,?19.30
猎人笔记（中小学新课标必读名著）,http://product.dangdang.com/25217316.html,屠格涅夫,2017/12/1,南方出版社,?10.20
老鼠娶新娘,http://product.dangdang.com/23274872.html,张玲玲,2008/1/1,２１世纪出版社,?22.80
一个人的朝圣（新版）,http://product.dangdang.com/25093095.html,蕾秋・乔伊斯,2017/6/15,北京联合出版有限公司,?21.90
幼小衔接 欢迎来到一年级：幼小衔接家长手册（2017年度大众喜爱的...,http://product.dangdang.com/25089012.html,卓立,2017/6/1,化学工业出版社,?22.50
十万个为什么（小学生彩绘版）,http://product.dangdang.com/23408306.html,蜗牛爸爸,2014/1/1,煤炭工业出版社,?62.70
培养孩子强大内心―亲子情商教育系列（全6册）,http://product.dangdang.com/23700790.html,木头人儿童创想中心,2015/5/1,中国人口出版社,?43.50
给孩子读诗（畅销100万册纪念，全新升级AR版，扫码免费收听。闫妮...,http://product.dangdang.com/23828979.html,果麦,2016/1/1,浙江文艺出版社,?34.00
东野圭吾：时生（东野圭吾暖心力作）,http://product.dangdang.com/23730173.html,东野圭吾,2015/7/1,南海出版公司,?27.30
悲伤逆流成河：十周年纪念珍藏版,http://product.dangdang.com/23955001.html,郭敬明,2016/5/1,湖南文艺出版社,?18.00
小学生必背文言文 学生版 教育部（语文课程标准）指定篇目,http://product.dangdang.com/24186262.html,张瑞征,2017/2/1,中国少年儿童出版社,?14.90
专注力训练系列・找不同（全六册）,http://product.dangdang.com/23229890.html,真果果,2013/4/1,中国人口出版社,?30.00
DK儿童百科全书系列超值礼品套装（精装全5册）（2018年全新修订版...,http://product.dangdang.com/23255678.html,英国DK公司,2013/5/1,中国大百科全书出版社,?330.00
好想去这样那样的国家（全6册）,http://product.dangdang.com/25261269.html,东菜奈,2018/4/27,贵州人民出版社,?63.00
遇见未知的自己（全新修订版）,http://product.dangdang.com/23927251.html,张德芬,2016/4/1,湖南文艺出版社,?26.20
全球最美的100个地方 图说天下 国家地理,http://product.dangdang.com/22790547.html,图说天下.国家地理,2012/6/1,北京联合出版公司,?9.90
菊与刀（畅销全球70年，销售逾3000万册，亲切易懂的日本国民性格...,http://product.dangdang.com/23981714.html,鲁思・本尼迪克特,2016/6/30,浙江文艺出版社,?17.50
勇气 绘本,http://product.dangdang.com/25197943.html,伯纳德・韦伯,2018/1/1,北京联合出版有限公司,?26.30
国际大奖小说升级版――屋顶上的小孩,http://product.dangdang.com/25064353.html,奥黛莉・克伦毕斯,2011/1/1,新蕾出版社,?11.00
将来的你，一定会感谢现在拼命的自己,http://product.dangdang.com/23491236.html,汤木,2014/6/1,天津人民出版社,?16.00
小王子三部曲（一直以来，我们只读了《小王子》的三分之一！）（...,http://product.dangdang.com/25249358.html,圣・埃克苏佩里,2018/3/1,文汇出版社,?49.90
爱你就像爱生命（精装彩插典藏版）,http://product.dangdang.com/25090314.html,王小波,2017/7/1,湖南文艺出版社,?19.90
柳林风声（新课标经典插图本，著名儿童翻译家张炽恒全本全译）,http://product.dangdang.com/24157839.html,肯尼思・格雷厄姆,2016/12/1,北京联合出版公司,?16.60
石头汤,http://product.dangdang.com/23268048.html,,2013/6/1,南海出版公司,?24.90
湘行散记 七年级上 人教版名著阅读课程化丛书 教育部统编教材推荐...,http://product.dangdang.com/25112887.html,沈从文,2017/6/1,人民教育出版社,?19.00
古文观止（上下册）（中华经典藏书・升级版）,http://product.dangdang.com/23880991.html,钟基,2016/1/1,中华书局,?36.00
亲爱的笨笨猪系列（6册套装）,http://product.dangdang.com/24170650.html,杨红樱,2017/1/1,安徽少年儿童出版社,?54.00
罗尔德・达尔作品典藏（13本套装）,http://product.dangdang.com/23975315.html,罗尔德・达尔,2014/7/4,明天出版社,?100.00
安的种子,http://product.dangdang.com/23667083.html,王早早,2015/1/1,海燕出版社,?14.90
同学录套装（全二册）（甜宠《换装游戏》小剧场+“萌动”同学录折...,http://product.dangdang.com/25309636.html,书海沧生,2018/8/1,百花洲文艺出版社,?39.80
有你真好（全三册）,http://product.dangdang.com/25215300.html,纳迪娜・布兰,2016/12/1,新疆青少年出版社,?26.80
钢铁是怎样炼成的（新课标）非改写，更适合青少年阅读，越是艰苦...,http://product.dangdang.com/24228859.html,奥斯特洛夫斯基,2017/4/1,浙江工商大学出版社,?19.80
中国大历史（黄仁宇大历史观代表作）,http://product.dangdang.com/23455227.html,黄仁宇,2014/5/1,生活.读书.新知三联书店,?14.00
数学绘本（全36册）,http://product.dangdang.com/20606480.html,刘永昭,2009/10/1,长春出版社,?126.00
“没头脑”和“不高兴”任溶溶幽默儿童文学创作（注音版）典藏本,http://product.dangdang.com/25265745.html,任溶溶,2018/4/1,浙江少年儿童出版社,?49.00
皮皮鲁和鲁西西银色宝典（包含驯兔记等共9册）,http://product.dangdang.com/24008167.html,郑渊洁,2016/6/1,浙江少年儿童出版社,?77.00
水浒传 (新课标 青少版),http://product.dangdang.com/23828835.html,施耐庵,2016/1/1,安徽教育出版社,?20.50
暖房子爱的故事口袋绘本（套装共30册）,http://product.dangdang.com/23254613.html,保罗布莱特,2013/5/1,北京联合出版公司,?64.00
护肤全书（每天1个护肤小知识，1日1美活，陪你度过一年365天）,http://product.dangdang.com/25270809.html,庆田朋子,2018/6/1,江苏凤凰文艺出版社,?29.00
影响力（经典版）（新版）（团购，请致电010-57993380）,http://product.dangdang.com/24028342.html,罗伯特・B.西奥迪尼,2016/9/1,北京联合出版公司,?33.00
不一样的卡梅拉动漫绘本(13-22),http://product.dangdang.com/23533306.html,郑迪蔚,2014/7/1,二十一世纪出版社,?70.00
折耳兔瑞奇成长绘本系列（ 共12册）,http://product.dangdang.com/23387014.html,吉多・范・西纳顿,2013/12/1,中国少年儿童出版社,?72.00
龙应台“人生三书”全3册套装,http://product.dangdang.com/23686893.html,龙应台,2015/5/1,广西师范大学出版社,?65.30
三国演义（足本典藏精装 新课标推荐 无障碍阅读 疑难字注音 解词...,http://product.dangdang.com/23992017.html,罗贯中,2016/4/1,商务印书馆,?19.40
小鸡球球洞洞认知书：全4册 （新版）,http://product.dangdang.com/25202782.html,入山智,2017/12/1,长江少年儿童出版社,?50.00
富爸爸穷爸爸（20周年修订版）（团购，请致电010-57993380）,http://product.dangdang.com/25154687.html,罗伯特・清崎,2017/9/30,四川人民出版社,?28.60
笑场（2017精装版）,http://product.dangdang.com/25142229.html,李诞,2017/8/20,湖南文艺出版社,?18.00
姜小牙上学记（套装共4册）,http://product.dangdang.com/25178733.html,北猫,2017/10/1,四川少儿出版社,?45.00
文化苦旅 新版,http://product.dangdang.com/23629302.html,余秋雨,2014/4/1,长江文艺出版社,?23.00
从你的全世界路过,http://product.dangdang.com/23353342.html,张嘉佳,2013/11/1,湖南文艺出版社,?18.00
寻圣光的人（美国年轻人热追的成长小说，《出版人周刊》力荐！）,http://product.dangdang.com/25291460.html,玛蒂娜・莱维特,2018/6/1,民主与建设出版社,?19.90
奇先生妙小姐・全新译本（全83册）,http://product.dangdang.com/23422457.html,罗杰・哈格里维斯,2014/3/1,人民邮电出版社,?229.00
很杂很杂的杂学知识：拿得起放不下的学问书（让百度疯狂，谷歌抽...,http://product.dangdang.com/23555432.html,张立辉,2014/8/1,中国画报出版社,?17.30
大脚丫跳芭蕾,http://product.dangdang.com/9296435.html,柯倩华,2007/4/1,河北教育出版社,?23.50
乌合之众：群体时代的大众心理（精装插图版）,http://product.dangdang.com/23903577.html,古斯塔夫・勒庞,2015/12/1,北京联合出版公司,?23.80
苏菲的世界（软精装）八年级下册自主阅读推荐,http://product.dangdang.com/25201182.html,乔斯坦・贾德,2017/12/7,作家出版社,?31.00
兄弟（新版）,http://product.dangdang.com/25147357.html,余华,2017/8/9,作家出版社,?36.80
超值畅销-好妈妈不打不骂培养男孩300个细节,http://product.dangdang.com/23640199.html,张晓萍,2015/2/1,南海出版公司,?14.50
苏东坡传（图文典藏版）,http://product.dangdang.com/25217059.html,林语堂,2018/3/5,湖南人民出版社,?24.00
科学家故事100个（叶永烈）,http://product.dangdang.com/24166008.html,叶永烈,2017/1/1,长江文艺出版社,?14.50
Python编程 从入门到实践,http://product.dangdang.com/24003310.html,埃里克・马瑟斯,2016/7/1,人民邮电出版社,?61.40
卓有成效的管理者（珍藏版）（团购，请致电010-57993380）,http://product.dangdang.com/20687090.html,德鲁克,2009/9/1,机械工业出版社,?18.00
乡土中国（精装）,http://product.dangdang.com/23678069.html,费孝通,2015/5/1,人民出版社,?12.90
诗经（上下册精装）（中华经典名著全本全注全译）,http://product.dangdang.com/23796403.html,王秀梅,2015/9/1,中华书局,?37.20
猎人笔记 部编教材七年级（上）推荐阅读篇目（全译精装典藏版 新...,http://product.dangdang.com/25113711.html,屠格涅夫,2017/6/1,商务印书馆,?19.80
我与地坛（纪念版）（1-9年级必读书单）,http://product.dangdang.com/21055821.html,史铁生,2011/6/1,人民文学出版社,?19.70
不一样的卡梅拉动漫绘本（1-12）,http://product.dangdang.com/23211544.html,郑迪蔚,2012/12/1,２１世纪出版社,?84.00
阿Q正传（“精神胜利法”的悲喜剧，另收录《狂人日记》等鲁迅名篇...,http://product.dangdang.com/23629643.html,鲁迅,2014/12/1,北京联合出版公司,?6.70
理想国,http://product.dangdang.com/22765017.html,柏拉图,2012/5/1,中国华侨出版社,?17.50
听你的（张皓宸2018全新力作， 20封信待你来拆，从“我”出发，挖...,http://product.dangdang.com/25266079.html,张皓宸,2018/5/1,天津人民出版社,?24.90
白洋淀纪事 全本无删减 部编教材七年级上指定阅读（中小学新课标...,http://product.dangdang.com/25229174.html,孙犁,2018/1/1,南方出版社,?13.50
镜花缘（中小学新课标必读名著）,http://product.dangdang.com/25216386.html,李汝珍,2017/12/1,南方出版社,?12.90
白洋淀纪事 七年级上 人教版名著阅读课程化丛书 教育部统编教材推...,http://product.dangdang.com/25216077.html,温儒敏,2017/12/1,人民教育出版社,?29.90
你好！数学套装珍藏版（套装30本）,http://product.dangdang.com/22732944.html,申惠恩,2012/4/1,湖北少儿出版社,?120.00
猎人笔记 七年级上 人教版名著阅读课程化丛书 教育部统编教材推荐...,http://product.dangdang.com/25141582.html,屠格涅夫,2017/7/1,人民教育出版社,?32.40
任溶溶系列 没头脑和不高兴（注音版 共5册）,http://product.dangdang.com/23683324.html,任溶溶,2012/4/1,浙江少年儿童出版社,?38.50
你是人间四月天（民国女神林徽因诗歌、散文、小说代表作完整收录...,http://product.dangdang.com/23608680.html,林徽因,2014/12/1,北京联合出版公司,?7.50
米小圈上学记四年级（套装共4册）,http://product.dangdang.com/25261326.html,北猫,2018/4/1,四川少儿出版社,?50.00
干法（团购，请致电010-57993380）,http://product.dangdang.com/23692356.html,稻盛和夫,2015/5/1,机械工业出版社,?23.40
乖，摸摸头（大冰作品！畅销350万册）,http://product.dangdang.com/23565712.html,大冰,2014/10/1,湖南文艺出版社,?23.80
手不是用来打人的（儿童好品德系列，全5册）,http://product.dangdang.com/25284537.html,伊丽莎白・弗迪克,2018/4/1,贵州教育出版社,?49.50
习近平的七年知青岁月 100册以上团购请联系电话010...,http://product.dangdang.com/25146532.html,中央党校采访实录编辑室,2017/8/1,中共中央党校出版社,?52.30
鲁滨孙漂流记(新课标，鲁滨逊漂流记，据英文原版全译本),http://product.dangdang.com/24187625.html,丹尼尔・笛福,2017/3/1,浙江工商大学出版社,?22.10
力学原来这么有趣―― 一本拿起就放不下的力学启蒙书,http://product.dangdang.com/23982048.html,大井喜久夫,2016/7/1,现代出版社,?25.00
米菲绘本第一辑10册（第一辑5册+第二辑5册）（全新修订版）,http://product.dangdang.com/25158936.html,迪克・布鲁纳,2009/2/1,人民邮电出版社,?79.00
数学星球（让孩子爱上数学的趣味绘本）,http://product.dangdang.com/24020759.html,卡莉娜・卢瓦尔,2016/8/24,中国人口出版社,?29.00
伊索寓言（新课标，北大知名译者杨海英翻译，非删改&独创编排，按...,http://product.dangdang.com/25126129.html,伊索,2017/8/1,浙江工商大学出版社,?16.60
人性的弱点,http://product.dangdang.com/23720003.html,卡耐基,2015/6/1,北京联合出版公司,?9.60
刻意练习：如何从新手到大师,http://product.dangdang.com/24057484.html,安德斯・艾利克森,2016/10/24,机械工业出版社,?23.40
培生英语・阅读街：幼儿版K1(幼儿园小班适用)――美国幼儿园语言...,http://product.dangdang.com/25067477.html,美国培生教育出版集团,2017/5/1,中国宇航出版社,?64.00
陪孩子读古诗词（精装，4册套装，含配乐朗诵）,http://product.dangdang.com/25141667.html,廉萍,2017/9/1,中国少年儿童出版社,?99.60
艾青诗选 新版 部编教材九年级（上）推荐必读篇目（新课标推荐 无...,http://product.dangdang.com/25162518.html,艾青,2017/6/1,商务印书馆,?14.90
复旦名师陈果：好的孤独,http://product.dangdang.com/24248105.html,陈果,2017/4/19,江苏凤凰文艺出版社,?18.00
傲慢与偏见 世界名著典藏,http://product.dangdang.com/23717136.html,奥斯丁,2015/4/1,中央编译出版社,?10.00
圣女的救济（东野圭吾经典长篇小说）,http://product.dangdang.com/24167579.html,东野圭吾,2017/1/1,南海出版公司,?24.80
捕捉儿童敏感期（珍藏版）：了解孩子内心的早教经典，解除育儿焦...,http://product.dangdang.com/23194043.html,孙瑞雪,2013/4/1,中国妇女出版社,?20.90
米小圈上学记二年级（套装共4册）,http://product.dangdang.com/25261323.html,北猫,2018/4/1,四川少儿出版社,?50.00
曹文轩纯美小说*山羊不吃天堂草(2016版),http://product.dangdang.com/23953629.html,曹文轩,2016/4/1,江苏少年儿童出版社,?11.00
学会爱自己（第1辑）,http://product.dangdang.com/25167441.html,珊蒂,2017/9/10,青岛出版社,?22.50
家常菜精选1288例：现代人（中餐厅店长赵薇也在看的菜谱书。畅销...,http://product.dangdang.com/9224823.html,,2007/1/1,中国轻工业出版社,?14.40
走进奇妙的几何世界（全6册）,http://product.dangdang.com/23831399.html,格里贝利,2016/1/1,浙江教育出版社,?59.80
西顿动物记（10册礼品装）,http://product.dangdang.com/21127254.html,欧内斯特.汤普森.西顿,2009/1/1,北京科学技术出版社,?124.00
大卫科波菲尔（浙大著名翻译家宋兆霖全译本，狄更斯传奇自传性小...,http://product.dangdang.com/23753565.html,查尔斯・狄更斯,2015/8/1,作家出版社,?22.10
中国诗词大会 第二季上下册（全两册）,http://product.dangdang.com/25105213.html,中国诗词大会栏目组,2017/7/1,北京联合出版有限公司,?34.80
后来时间都与你有关（韩寒 何炅 谢娜 吴昕 戚薇 阚清子等明星推荐...,http://product.dangdang.com/25105726.html,张皓宸,2017/7/1,天津人民出版社,?19.90
小淘气尼古拉的故事全集（全11册）,http://product.dangdang.com/23454155.html,勒内・戈西尼,2014/5/1,中国少年儿童出版社,?86.00
孩子：挑战,http://product.dangdang.com/23649510.html,鲁道夫德雷克斯,2015/1/1,生活.读书.新知三联书店,?34.50
一九八四（又译作“1984”）,http://product.dangdang.com/25215594.html,乔治・奥威尔,2018/2/5,时代文艺出版社,?9.20
哈利・波特 （1-7全集）全新版套装,http://product.dangdang.com/23580693.html,J.K.罗琳,2014/11/1,人民文学出版社,?237.70
新参者（2016版）,http://product.dangdang.com/23845292.html,东野圭吾,2016/2/1,南海出版公司,?22.50
人类简史（绘本版）：给孩子的世界历史超图解,http://product.dangdang.com/25244626.html,贝特朗・菲舒,2018/2/1,中信出版社,?64.00
小牛顿科学馆：全新升级版 （科学蓝，30册礼品装）,http://product.dangdang.com/24193586.html,台湾牛顿出版股份有限公司,2017/4/7,接力出版社,?300.00
瓦尔登湖（瓦尔登湖畔，不只是身体的栖息之所，更是精神的沉思之...,http://product.dangdang.com/23828561.html,亨利戴维梭罗,2015/12/1,作家出版社,?8.10
故宫日历2019年,http://product.dangdang.com/25312335.html,故宫出版社,2018/8/1,故宫出版社,?38.00
稻草人（新课标， 中国第一本童话集，鲁迅点赞的儿童文学大师叶圣...,http://product.dangdang.com/23696693.html,叶圣陶,2015/5/1,安徽教育出版社,?16.40
暖暖心绘本（全四辑19本）,http://product.dangdang.com/20812025.html,米拦弗特毕,2009/12/1,湖南少儿出版社,?94.00
巴黎圣母院 世界十大文学名著,http://product.dangdang.com/20029871.html,雨果Victor,2008/1/1,上海文艺出版社,?12.50
国际大奖小说・注音版--苹果树上的外婆,http://product.dangdang.com/25108748.html,米拉・洛贝,2015/11/1,新蕾出版社,?11.00
战马（（精装典藏版）,http://product.dangdang.com/23812987.html,迈克尔・莫波格,2016/1/1,南海出版公司,?27.30
米小圈上学记一年级（套装共4册）,http://product.dangdang.com/25261327.html,北猫,2018/4/1,四川少儿出版社,?50.00
少年的你，如此美丽(由超人气演员周冬雨和易烊千玺担当主演，曾国...,http://product.dangdang.com/24019318.html,玖月,2016/9/1,百花洲文艺出版社,?16.00
